name,latitude,longitude,description,city,country,category,address,phone,website
Academy of Fine Arts Vienna,48.201253,16.365103,,,,university,,,
Achiet-le-Grand Communal Cemetery,50.1365,2.7756,,Achiet-le-Grand,France,cemetery,,,
Achiet-le-Petit Communal Cemetery,50.122252,2.756849,,Achiet-le-Petit,France,cemetery,,,
Acropolis Museum,37.968417,23.728472,,Athens Municipality,Greece,museum,,,
Ada Arts and Heritage Center,34.771053,-96.676472,,Ada,United States,landmark,,,
Adam P. Leighton House,43.651111,-70.276111,,Portland,United States,landmark,,,
Adamson House,34.034444,-118.678333,,Malibu,United States,landmark,,,
Adina Mosque,25.15255737,88.16423798,,West Bengal,India,temple,,,
"Administration Building, Treasure Island",37.816944,-122.370278,,San Francisco,United States,landmark,,,
"Admiraal de Ruijterweg 148-152, Amsterdam",52.374138888,4.859027777,,Amsterdam,Netherlands,landmark,,,
Admiralty building in Saint Petersburg,59.937458333,30.30855,,Second Admiral Island,Russia,landmark,,,
Adolfo Alsina town hall,-37.180333,-62.761194,,Adolfo Alsina Partido,Argentina,landmark,,,
Adolfo Gonzales Chaves municipal market,-38.03375,-60.098417,,Adolfo Gonzales Chaves Partido,Argentina,landmark,,,
Adolfo Gonzales Chaves town hall,-38.032833,-60.098528,,Adolfo Gonzales Chaves Partido,Argentina,landmark,,,
African Burial Ground National Monument,40.714597,-74.004467,,New York,United States,cemetery,,,
African Cemetery No. 2,38.050139,-84.478056,,Lexington,United States,cemetery,,,
"Afrikahuis, Amsterdam",52.352889,4.897762,,Amsterdam,Netherlands,landmark,,,
Aga Khan Museum,43.725277777,-79.332222222,,Toronto,Canada,museum,,,
Agape Centro Ecumenico,44.892507,7.054158,,Prali,Italy,landmark,,,
Agecroft Cemetery,53.5098,-2.29431,,Pendlebury,United Kingdom,cemetery,,,
Agen Cathedral,44.20666667,0.61916667,,Agen,France,church,,,
Agenville Churchyard,50.164908,2.099312,,Agenville,France,cemetery,,,
Aghdam Mosque,39.993333333,46.931666666,,Aghdam District,Azerbaijan,temple,,,
Agnez-les-Duisans Communal Cemetery,50.30444,2.660086,,Agnez-lès-Duisans,France,cemetery,,,
Agricultural Engineering Building,43.074803,-89.410606,,Madison,United States,landmark,,,
Ahavas Chesed Cemetery,30.6708,-88.0622,,Alabama,United States,cemetery,,,
Ahrensfelde East Churchyard,52.585,13.5731,,Ahrensfelde,Germany,cemetery,,,
Ahwahnee Hotel,37.745744,-119.574186,,Yosemite Village,United States,hotel,,,
Aiboa,43.343889,-3.002778,,Getxo,Spain,landmark,,,
Aiken Colored Cemetery,33.5704,-81.7242,,Aiken,United States,cemetery,,,
Ainola,60.454514,25.08639,,Järvenpää,Finland,landmark,,,
Ak Bars Arena,55.821,49.161,,,,stadium,,,
Akhisar Stadium,38.9209,27.8118,,Akhisar,Turkey,stadium,,,
Akita Museum of Art,39.71742778,140.1215,,Akita,Japan,museum,,,
Akureyrarkirkja,65.67984,-18.09097,,Akureyri,Iceland,landmark,,,
Al Bahr Towers,24.456611111,54.400861111,,Abu Dhabi,United Arab Emirates,landmark,,,
Al Faisaliah Centre,24.690277777,46.685277777,,Riyadh,Saudi Arabia,landmark,,,
Al Hamra Tower,29.378611111,47.992777777,,,,landmark,,,
Al Janoub Stadium,25.159777777,51.574083333,,Al Wakrah,Qatar,stadium,,,
Al-Akbar Mosque,-7.336543,112.715243,,Surabaya,Indonesia,temple,,,
Al-Baqi',24.466944444,39.616388888,,Medina,Saudi Arabia,cemetery,,,
Alabama State Capitol,32.377447222,-86.300941666,,Alabama,United States,landmark,,,
Albanifriedhof,51.531938888,9.94195,,Göttingen,Germany,cemetery,,,
Albany Rural Cemetery,42.706667,-73.735556,,Menands,United States,cemetery,,,
Albertina,48.204561111,16.368319444,,,,landmark,,,
Alcázar of Segovia,40.9525,-4.1325,,Segovia,Spain,castle,,,
Aldershot Military Cemetery,51.2553,-0.746944,,Rushmoor,United Kingdom,cemetery,,,
Ale's Stones,55.3827,14.0544,,Ystad Municipality,Sweden,cemetery,,,
Alexa,52.5192,13.4156,,Bezirk Mitte,Germany,landmark,,,
Alexander K. McClure School,40.015,-75.1381,,Philadelphia,United States,university,,,
Alexander Nevsky Cathedral,59.435833333,24.739444444,,,,church,,,
Alexander Nevsky Cathedral,42.695838888,23.332969444,,,,church,,,
"Alexander Nevsky Cathedral, Paris",48.877558333,2.301991666,,Paris,France,church,,,
Alexander Palace,59.721111111,30.392777777,,Pushkin,Russia,castle,,,
Alexeevskoe Cemetery,55.818380555,37.643733333,,Moscow,Russia,cemetery,,,
Alexis Palace,59.928055555,30.283416666,,Saint Petersburg,Russia,castle,,,
Alfonse M. D'Amato United States Courthouse,40.7596,-73.1906,,Central Islip,United States,landmark,,,
Alfred Butters House,39.73433,-104.98135,,Denver,United States,landmark,,,
Alfred H. and Sarah Frahm House,41.45398,-96.02803,,Fort Calhoun,United States,landmark,,,
Algemene Begraafplaats Crooswijk: grafheuvel met kwadrant en rotonde,51.93833,4.48927,,Rotterdam,Netherlands,cemetery,,,
Algemene Begraafplaats Hofwijk,51.95778,4.4,,Rotterdam,Netherlands,cemetery,,,
Algemene Begraafplaats Leidsestraatweg,52.09277,4.95215,,Woerden,Netherlands,cemetery,,,
Algemene Begraafplaats Meppelerstraatweg,52.518333,6.1075,,Zwolle,Netherlands,cemetery,,,
Algemene Begraafplaats Montfoort,52.043167,4.944911,,Montfoort,Netherlands,cemetery,,,
Algemene Begraafplaats Schoonebeek,52.660297,6.882569,,Emmen,Netherlands,cemetery,,,
Algiers Central Post Office,36.773056,3.059444,,Alger Centre,Algeria,landmark,,,
Algorta,43.350847222,-3.009513888,,Getxo,Spain,landmark,,,
All Saints Church in Hodovytsia,50.2794,24.5394,,Hodovytsia,Ukraine,church,,,
Allegheny Cemetery,40.4725,-79.95,,Pittsburgh,United States,cemetery,,,
Allen Memorial Art Museum,41.2937,-82.2168,,Ohio,United States,museum,,,
"Allerheiligenkirche, Graz",47.0658,15.385,,Graz,Austria,cemetery,,,
Allerton Cemetery,53.35981,-2.87597,,Liverpool,United Kingdom,cemetery,,,
Allery Communal Cemetery,49.958459,1.898982,,Allery,France,cemetery,,,
Alley of Honor,40.361944444,49.820833333,,Baku,Azerbaijan,cemetery,,,
Allianz Arena,48.218775,11.624752777,,Schwabing-Freimann,Germany,stadium,,,
Allianz Riviera,43.70513,7.19262,,,,landmark,,,
Allianz Tower,45.477608333,9.157288888,,Milan,Italy,landmark,,,
Allonville Communal Cemetery,49.94118,2.369244,,Allonville,France,cemetery,,,
Almas Tower,25.06883,55.14113,,Dubai,United Arab Emirates,landmark,,,
Almaty International Airport,43.351944444,77.040555555,,,,landmark,,,
Almudena Cathedral,40.415556,-3.714444,,,,church,,,
Alpenzoo,47.2823,11.40061,,Innsbruck,Austria,landmark,,,
Alta Mesa Memorial Park,37.3983,-122.129,,Palo Alto,United States,cemetery,,,
Altare della Patria,41.894722222,12.483055555,,Rome,Italy,landmark,,,
Alte Nationalgalerie,52.52081,13.398353,,Bezirk Mitte,Germany,landmark,,,
Alte Pfarrkirche Johannes der Täufer,47.0952,9.8645,,Vandans,Austria,cemetery,,,
Alte Pinakothek,48.148291,11.569985,,,,landmark,,,
Alte Synagoge,50.0833,8.23695,,Wiesbaden,Germany,temple,,,
Alte Synagoge,49.14,9.22181,,Heilbronn,Germany,temple,,,
"Alter Annenfriedhof, Dresden",51.0359,13.7129,,Dresden,Germany,cemetery,,,
Alter Friedhof,54.096,13.3943,,Greifswald,Germany,cemetery,,,
Alter Friedhof,49.145,9.22755,,Heilbronn,Germany,cemetery,,,
Alter Friedhof,48.0007,7.85696,,Freiburg im Breisgau,Germany,cemetery,,,
Alter Friedhof,49.134,9.1947,,Heilbronn,Germany,cemetery,,,
Alter Friedhof,50.0896,8.23133,,Wiesbaden,Germany,cemetery,,,
Alter Friedhof,51.1041,13.639,,Radebeul,Germany,cemetery,,,
Alter Friedhof,50.6408,7.22596,,Bad Honnef,Germany,cemetery,,,
Alter Friedhof (Baiertal),49.3007,8.73773,,Wiesloch,Germany,cemetery,,,
Alter Friedhof (Dirmstein),49.5632,8.2593,,Dirmstein,Germany,cemetery,,,
Alter Friedhof Bonn,50.735691666,7.090694444,,Stadtbezirk Bonn,Germany,cemetery,,,
Alter Friedhof der Zwölf-Apostel-Gemeinde,52.483661111,13.36545,,Tempelhof-Schöneberg,Germany,cemetery,,,
Alter Friedhof Herford,52.11157,8.668073,,Herford,Germany,cemetery,,,
Alter Friedhof Huttrop,51.4464,7.045,,Essen,Germany,cemetery,,,
Alter Friedhof Langerfeld,51.2745,7.24536,,Wuppertal,Germany,cemetery,,,
Alter Friedhof Oberursel,50.196,8.59169,,Oberursel (Taunus),Germany,cemetery,,,
Alter Friedhof Rüggeberg,51.2665,7.38493,,Ennepetal,Germany,cemetery,,,
Alter Friedhof Segeroth,51.4669,6.99806,,Essen,Germany,cemetery,,,
Alter Garnisonfriedhof Berlin,52.528333333,13.404166666,,Bezirk Mitte,Germany,cemetery,,,
Alter Hammer Friedhof,53.55591667,10.05713889,,Hamburg-Mitte,Germany,cemetery,,,
Alter Jüdischer Friedhof Eisenstadt,47.8471,16.5145,,Eisenstadt,Austria,cemetery,,,
Alter Katholischer Friedhof,51.0603,13.7193,,Dresden,Germany,cemetery,,,
Alter Nordfriedhof,48.1537,11.5702,,Munich,Germany,cemetery,,,
Alter St.-Matthäus-Kirchhof Berlin,52.490277777,13.366944444,,Tempelhof-Schöneberg,Germany,cemetery,,,
Alter St.-Nikolai-Friedhof,52.3786,9.73222,,Mitte,Germany,cemetery,,,
Alter Südfriedhof,48.127265054,11.564875282,,Munich,Germany,cemetery,,,
Altes Museum,52.519444444,13.398888888,,Bezirk Mitte,Germany,museum,,,
Altes Rathaus,50.735105,7.102916,,Stadtbezirk Bonn,Germany,landmark,,,
Altmannsdorfer Friedhof,48.165277777,16.327222222,,Meidling,Austria,cemetery,,,
Alto de São João Cemetery,38.730236,-9.12178,,Penha de França,Portugal,cemetery,,,
Altria Theater,37.5462,-77.4522,,Richmond,United States,theater,,,
Altstadt,47.2711,11.39535,,Innsbruck,Austria,landmark,,,
Am Rheinberg 5,50.872737,7.031567,,Weiß,Germany,landmark,,,
Amalfi Cathedral,40.63444444,14.60305556,,Amalfi,Italy,church,,,
Amalienborg,55.684027777,12.593333333,,Copenhagen Municipality,Denmark,landmark,,,
Amalienburg,48.15610224,11.500380228,,Neuhausen-Nymphenburg,Germany,landmark,,,
Ambleteuse Communal Cemetery,50.8087,1.6085,,Ambleteuse,France,cemetery,,,
Amdavad ni Gufa,23.03611111,72.54944444,,Ahmedabad,India,landmark,,,
American Radiator Building,40.752805555,-73.983777777,,New York,United States,landmark,,,
Americas Tower,40.7572,-73.9827,,New York,United States,landmark,,,
Amherst West Cemetery,42.379167,-72.518611,,Amherst,United States,cemetery,,,
Amisos Hill,41.31888889,36.32305556,,Atakum district,Turkey,cemetery,,,
Amistad Gymnasium,35.919263765,-103.154910102,,Union County,United States,landmark,,,
Amon Carter Museum of American Art,32.747867,-97.368447,,Fort Worth,United States,museum,,,
Amory House,42.8939,-72.1,,Dublin,United States,landmark,,,
Amos G. Winter House,44.95916667,-70.16027778,,Kingfield,United States,landmark,,,
Amsterdam Central station,52.37895,4.90016,,Amsterdam,Netherlands,landmark,,,
Amundshögen,60.407649,15.970375,,Hedemora Municipality,Sweden,cemetery,,,
Anchorage Memorial Park,61.2152,-149.876,,Anchorage,United States,cemetery,,,
Ancien cimetière de Vesoul,47.6231,6.15583,,Vesoul,France,cemetery,,,
ancien presbytère de Sainte-Monique-des-Saules,46.811837,-71.3213201,,Quebec City,Canada,landmark,,,
Ancient Burying Ground,41.654722,-70.343889,,Barnstable,United States,cemetery,,,
Anderson–Frank House,27.939167,-82.463333,,Tampa,United States,landmark,,,
Andersons Bay Cemetery,-45.9044,170.534,,Dunedin City,New Zealand,cemetery,,,
Andersonville National Historic Site,32.194722222,-84.128888888,,Andersonville,United States,cemetery,,,
Ando Conference Pavilion,47.601093,7.62017,,Weil am Rhein,Germany,landmark,,,
Andrew Melville Hall,56.3406,-2.8175,,Fife,United Kingdom,landmark,,,
"Andrew Melville Hall, University of St Andrews, North Haugh",56.3405,-2.81741,,Fife,United Kingdom,university,,,
"Andrieskerk, Amsterdam",52.331861111,4.868111111,,Amsterdam,Netherlands,landmark,,,
AnfaPlace Mall,33.598055555,-7.666944444,,Casablanca,Morocco,landmark,,,
Anfield,53.430833333,-2.960833333,,,,landmark,,,
Anfield Cemetery,53.43874,-2.95833,,Liverpool,United Kingdom,cemetery,,,
Angelus-Rosedale Cemetery,34.042,-118.298,,Los Angeles,United States,cemetery,,,
Anichkov Palace,59.932777777,30.339722222,,Tsentralny District,Russia,castle,,,
Anıtkabir,39.925,32.836944444,,,,landmark,,,
Annappes Churchyard,50.627993,3.149816,,Annappes,France,cemetery,,,
Anneux British Cemetery,50.159692,3.126776,,Anneux,France,cemetery,,,
Annezin Communal Cemetery,50.5408,2.6045,,Annezin,France,cemetery,,,
Annœullin cemetery,50.52455,2.942453,,Annœullin,France,cemetery,,,
Anoatok,41.664028,-78.799028,,Kane,United States,landmark,,,
Anoka Post Office,45.197778,-93.386944,,Anoka,United States,landmark,,,
Anor Communal Cemetery,49.992886,4.105154,,Anor,France,cemetery,,,
Anshei Sphard Beth El Emeth Congregation,35.1344,-89.8708,,Tennessee,United States,cemetery,,,
Antakalnis Cemetery,54.698787,25.320954,,Vilnius City Municipality,Lithuania,cemetery,,,
Anthony Overton Elementary School,41.80555556,-87.62055556,,Chicago,United States,university,,,
Antic escorxador municipal,41.3789,2.04094,,Sant Feliu de Llobregat,Spain,landmark,,,
Antic Mercat Municipal del Masnou,41.47847,2.31596,,El Masnou,Spain,landmark,,,
"Antigua Central Termoeléctrica, Málaga",36.719770525,-4.410602151,,Centro (District 1),Spain,landmark,,,
Antiguo Asilo del Buen Suceso,40.429461111,-3.717377777,,Argüelles,Spain,landmark,,,
Antiguo Colegio Máximo de la Compañía de Jesús,37.193332437,-3.595950077,,Granada,Spain,landmark,,,
Antioch Missionary Baptist Church Cemetery,34.393611,-91.983889,,Jefferson County,United States,cemetery,,,
"Antonius van Paduakerk (Vianen, North Brabant)",51.718091666,5.857188888,,Land van Cuijk,Netherlands,landmark,,,
Antwerp City Hall,51.22138889,4.39944444,,Antwerp,Belgium,landmark,,,
Antwerp-Central railway station,51.216944444,4.421111111,,Antwerp,Belgium,landmark,,,
Anundshög,59.63055556,16.64472222,,Västerås Municipality,Sweden,cemetery,,,
Anvin Churchyard,50.445577,2.257745,,Anvin,France,cemetery,,,
Anzeiger-Hochhaus,52.3769,9.73139,,Mitte,Germany,landmark,,,
Aon Center,41.885277777,-87.621388888,,Chicago,United States,landmark,,,
AON Hanoi Landmark Tower,21.01732222,105.78405278,,Mễ Trì,Vietnam,landmark,,,
Aoyama Cemetery,35.666666666,139.722222222,,Tokyo,Japan,cemetery,,,
APA Hotel & Resort Tokyo Bay Makuhari,35.644140641,140.037129501,,Tokyo,Japan,hotel,,,
Apartment house of Chirikov (Rostov-on-Don),47.223981,39.706362,,Budenovsky avenue in Rostov-on-Don,Russia,landmark,,,
Apollo Theater,40.809932,-73.950113,,New York,United States,theater,,,
Apollo Theatre,51.5115,-0.133417,,City of Westminster,United Kingdom,theater,,,
"Apollolaan 1, Amsterdam",52.347633,4.88344699,,Amsterdam,Netherlands,landmark,,,
"Apollolaan 166, Amsterdam",52.345685,4.871131,,Amsterdam,Netherlands,landmark,,,
Apostolic Palace,41.903611111,12.456388888,,Vatican City,Vatican City,castle,,,
Apple Park,37.334787,-122.009002,,Cupertino,United States,park,,,
Apple Piazza Liberty,45.465426,9.194087,,Milan,Italy,landmark,,,
Appomattox Court House National Historical Park cemeteries,37.3786,-78.7964,,Virginia,United States,cemetery,,,
Apsley House,51.503472222,-0.151666666,,City of Westminster,United Kingdom,landmark,,,
Aqsunqur Mosque,30.036111111,31.260277777,,Cairo Governorate,Egypt,temple,,,
Aqua,41.886497,-87.619711,,Cook County,United States,landmark,,,
Áras an Uachtaráin,53.359676,-6.31745,,Phoenix Park,Ireland,landmark,,,
Arbed SA Hauptverwaltung,49.4988,5.9881,,Esch-sur-Alzette,Luxembourg,landmark,,,
Archbasilica of St. John Lateran,41.885905555,12.506155555,,Rome,Italy,landmark,,,
"Archcathedral Basilica of St. Stanislaus Kostka, Łódź",51.748819444,19.459608333,,Katedralna,Poland,church,,,
arco del Meloncello,44.490121125,11.310977679,,Bologna,Italy,landmark,,,
Ard Eevin,34.176944444,-118.270277777,,California,United States,landmark,,,
Ardennes American Cemetery and Memorial,50.547430555,5.465430555,,Neupré,Belgium,cemetery,,,
Areeta,43.326111,-3.009722,,Getxo,Spain,landmark,,,
Arena Amazônia,-3.083056,-60.028056,,,,stadium,,,
Arena AufSchalke,51.554502777,7.067588888,,,,stadium,,,
Arena Cidade da Copa,-8.040555555,-35.008333333,,,,stadium,,,
Arena Civica,45.475463,9.178544,,Milan,Italy,stadium,,,
Arena da Baixada,-25.448333,-49.276944,,,,stadium,,,
Arena das Dunas,-5.82681,-35.21236,,,,stadium,,,
Arena Lviv,49.775278055,24.027778055,,,,stadium,,,
Arenas de Barcelona,41.376288,2.149284,,La Nova Esquerra de l'Eixample,Spain,landmark,,,
Argoules Communal Cemetery,50.336724,1.830791,,Argoules,France,cemetery,,,
Arkansas State Capitol,34.74675,-92.289222222,,Little Rock,United States,landmark,,,
Arleux-du-Nord Communal Cemetery,50.282061,3.111524,,Arleux,France,cemetery,,,
Arlington National Cemetery,38.878087,-77.068769,,Arlington County,United States,cemetery,,,
Arlington Town Hall,42.415897769,-71.156377673,,Arlington,United States,landmark,,,
Armazéns Grandella,38.711734771,-9.139493942,,Santa Maria Maior,Portugal,landmark,,,
Armenian Cemetery,55.766522222,37.553722222,,Presnensky District,Russia,cemetery,,,
"Armenian cemetery in Hyderabad, India",17.341028,78.48972,,Hyderabad,India,cemetery,,,
Armenian Cemetery in Julfa,38.974172222,45.564802777,,Julfa,Azerbaijan,cemetery,,,
Armenian cemetery of Khojivanq,41.698422222,44.818630555,,Tbilisi,Georgia,cemetery,,,
Armenian Church of the Holy Nazareth,22.579,88.351,,"Ward No. 45, Kolkata Municipal Corporation",India,cemetery,,,
Arneke Churchyard,50.831693,2.411787,,Arnèke,France,cemetery,,,
Arney's Mount Friends Meetinghouse and Burial Ground,40.0092,-74.6972,,Springfield Township,United States,cemetery,,,
Arnold Burying Ground,41.4861,-71.3119,,Rhode Island,United States,cemetery,,,
Arnos Vale Cemetery,51.44,-2.5675,,City of Bristol,United Kingdom,cemetery,,,
Arras Communal Cemetery,50.289373,2.794034,,Arras,France,cemetery,,,
Arry Communal Cemetery,50.273333,1.718338,,Arry,France,cemetery,,,
Arsenal Stadium,51.557696,-0.102966,,,,stadium,,,
Arshakuni Palace,41.7014,44.793,,Mtatsminda District,Georgia,castle,,,
Arskoe cemetery,55.793333333,49.155833333,,Waxitof City District,Russia,cemetery,,,
Art Gallery of New South Wales,-33.868611111,151.217222222,,Sydney,Australia,art_gallery,,,
Art Gallery of Ontario,43.653611111,-79.392777777,,Toronto,Canada,art_gallery,,,
Art Institute of Chicago building,41.8796,-87.6237,,Chicago,United States,university,,,
Art Pavilion in Zagreb,45.80722222,15.97861111,,Donji grad,Croatia,landmark,,,
Arthur C. and Mary S.A. Nash House,35.91388889,-79.04527778,,Chapel Hill,United States,landmark,,,
Arthur Street Cemetery,-45.8733,170.494,,Dunedin City,New Zealand,cemetery,,,
Artificial Mountain of Buen Retiro,40.421108,-3.680558,,Madrid,Spain,landmark,,,
Artillery Park,41.496397,-71.374692,,Jamestown,United States,cemetery,,,
Arts Centre Melbourne,-37.820277777,144.968333333,,City of Melbourne,Australia,landmark,,,
Ås 14:1,63.235179,14.538876,,Krokom Municipality,Sweden,cemetery,,,
Ås 15:1,63.234443,14.539708,,Krokom Municipality,Sweden,cemetery,,,
Ås 15:2,63.234563,14.539713,,Krokom Municipality,Sweden,cemetery,,,
Ås Abbey,57.225303,12.220417,,Varberg Municipality,Sweden,cemetery,,,
Asa Waters Mansion,42.190167,-71.762333,,Millbury,United States,landmark,,,
Asahi Group Oyamazaki Villa Museum of Art,34.895556,135.679639,,Osaka,Japan,museum,,,
Asamhaus,48.135152231,11.569384533,,Munich,Germany,landmark,,,
Asamkirche,48.13520696,11.569513967,,Munich,Germany,landmark,,,
Ascension Parish Burial Ground,52.2176,0.1001,,Cambridge,United Kingdom,cemetery,,,
Aschanska Villa,63.82385,20.26425,,Umeå Municipality,Sweden,landmark,,,
Ascoli Piceno Cathedral,42.8535,13.5783,,Ascoli Piceno,Italy,church,,,
Ascq Communal Cemetery,50.619063,3.165969,,Villeneuve-d'Ascq,France,cemetery,,,
Ashaghi Govhar Agha Mosque,39.761831,46.753596,,Shusha District,Azerbaijan,temple,,,
Asheville City Hall,35.595556,-82.548611,,Asheville,United States,landmark,,,
Ashford Designer Outlet,51.136388888,0.8775,,Ashford,United Kingdom,landmark,,,
Ashland Springs Hotel,42.195796,-122.712822,,Ashland,United States,hotel,,,
Ashmolean Museum,51.75556,-1.26056,,,,museum,,,
Asia University Museum of Modern Art,24.04708333,120.68819444,,Wufeng District,Taiwan,museum,,,
"Asilo de Convalecientes, Madrid",40.437897222,-3.697077777,,Almagro,Spain,landmark,,,
Aşiyan Asri Cemetery,41.0825,29.055277777,,Beşiktaş,Turkey,cemetery,,,
Askold's Grave,50.44388889,30.55138889,,Kyiv,Ukraine,cemetery,,,
Assens Tumulus,46.61144,6.63321,,Assens,Switzerland,cemetery,,,
Assistens Cemetery,55.691111111,12.548888888,,Copenhagen Municipality,Denmark,cemetery,,,
Assistens Cemetery,55.3882,10.3675,,Odense Municipality,Denmark,cemetery,,,
Associated Students House,37.3375,-121.879166666,,San Jose,United States,landmark,,,
"Assumption of Mary Cathedral, Hiroshima",34.39563889,132.46777778,,Hiroshima,Japan,church,,,
Astana Cemetery,42.88155,89.52711389,,Turpan,People's Republic of China,cemetery,,,
Astrabudua,43.314722,-2.986944,,Greater Bilbao,Spain,landmark,,,
Astrup Fearnley Museum of Modern Art,59.906666666,10.721388888,,Oslo Municipality,Norway,museum,,,
AT&T Stadium,32.74769,-97.09288,,,,stadium,,,
Ata-Beyit,42.723117,74.593655,,Süymönkul Çokmorov,Kyrgyzstan,cemetery,,,
Atalaya Castle,33.513889,-79.085278,,Georgetown County,United States,castle,,,
Atarim Square,32.08555556,34.76944444,,Tel Aviv,Israel,landmark,,,
Atelier-Museu Júlio Pomar,38.711366,-9.150426,,Misericórdia,Portugal,landmark,,,
Athenaeum,62.237667,25.734222,,Jyväskylä,Finland,landmark,,,
Athenaeum,35.614161,-87.041394,,Tennessee,United States,landmark,,,
Athens Concert Hall,37.98111,23.754164,,Athens Municipality,Greece,landmark,,,
Athies Communal Cemetery,50.303715,2.836207,,Athies,France,cemetery,,,
Atlantis House,53.0748,8.80547,,Mitte,Germany,landmark,,,
Atocha Railway Station,40.4075,-3.691666666,,Madrid,Spain,landmark,,,
Atocha-Cercanías,40.40596,-3.68876,,Madrid,Spain,landmark,,,
Atrium Tower,52.5058,13.3728,,Bezirk Mitte,Germany,landmark,,,
Au-Friedhof,47.549694444,7.948527777,,Bad Säckingen,Germany,cemetery,,,
Auberge d'Italie,35.89646,14.51128,,Valletta,Malta,landmark,,,
Aubers Ridge British Cemetery,50.589402,2.836421,,Aubers,France,cemetery,,,
Aubigny-au-Bac Communal Cemetery,50.264177,3.158709,,Aubigny-au-Bac,France,cemetery,,,
Auby Communal Cemetery,50.409462,3.050491,,Auby,France,cemetery,,,
Auchonvillers Communal Cemetery,50.078452,2.632931,,Auchonvillers,France,cemetery,,,
Auditorio de Tenerife,28.456067,-16.251278,,Santa Cruz de Tenerife,Spain,landmark,,,
Auditorium del Parco,42.353517,13.402604,,L'Aquila,Italy,landmark,,,
Auditorium Niccolò Paganini,44.801618,10.343205,,Parma,Italy,landmark,,,
Audrey Jones Beck Building,29.7251,-95.3895,,Texas,United States,landmark,,,
Augsburg Cathedral,48.372743587,10.896565711,,Augsburg,Germany,church,,,
Augsburg Protestant Cemetery,48.354,10.9003,,Augsburg,Germany,cemetery,,,
Aukštųjų Rusokų pilkapynas,54.80833333,25.20222222,,Avižieniai Eldership,Lithuania,cemetery,,,
Aula Magna,10.490833333,-66.890555555,,Libertador Municipality,Venezuela,landmark,,,
Auld Aisle Cemetery,55.9324,-4.1384,,East Dunbartonshire,United Kingdom,cemetery,,,
Aurora Place,-33.865,151.212,,New South Wales,Australia,landmark,,,
Ausstellungsgebäude Sammlung Goetz,48.1661,11.6231,,,Germany,architecture,,,
Austin City Hall,30.2649,-97.7472,,Austin,United States,landmark,,,
Australian War Memorial,-35.280815,149.148707,,Canberra,Australia,cemetery,,,
Austrian Parliament Building,48.20805,16.3587,,Innere Stadt,Austria,landmark,,,
Austrian Postal Savings Bank,48.21,16.3803,,Innere Stadt,Austria,landmark,,,
Auteuil Cemetery,48.8411,2.25944,,Paris,France,cemetery,,,
Auto Posto Clube dos 500,-22.78805988,-45.156405482,,Guaratinguetá,Brazil,landmark,,,
Avalon Cemetery,-26.29638889,27.86222222,,Soweto,South Africa,cemetery,,,
Avalon Regal Theater,41.751388888,-87.583611111,,Chicago,United States,theater,,,
Avelin cemetery,50.539687,3.078194,,Avelin,France,cemetery,,,
Avernassetombe,50.70596,5.12973,,Gingelom,Belgium,cemetery,,,
Avicii Arena,59.293611111,18.083333333,,,,stadium,,,
Aviva Stadium,53.334956,-6.228253,,,,stadium,,,
Awaji Yumebutai,34.56148,135.00878,,Kobe,Japan,landmark,,,
Ayer–Shea House,45.528889,-122.688611,,Portland,United States,landmark,,,
Azabudai Hills Mori JP Tower,35.660992329,139.740386009,,Tokyo,Japan,landmark,,,
Azadi Stadium,35.724417,51.275528,,,,stadium,,,
Azadi Tower,35.699722222,51.338055555,,,,landmark,,,
Azerbaijan State Academic Opera and Ballet Theater,40.374701,49.845397,,Baku,Azerbaijan,theater,,,
Azerbaijan State Philharmonic Hall,40.364085,49.831641,,Baku,Azerbaijan,landmark,,,
B'nai Israel Synagogue and Montefiore Cemetery,47.91616667,-97.03286111,,Grand Forks,United States,cemetery,,,
Bab al-Saghir Cemetery,33.504307,36.303648,,Damascus,Syria,cemetery,,,
Babaoshan Revolutionary Cemetery,39.907736111,116.235963888,,Laoshan Subdistrict,People's Republic of China,cemetery,,,
Babelsberg Palace,52.4076,13.0933,,Babelsberg,Germany,castle,,,
Bachelor's Grove Cemetery,41.6308,-87.7708,,Bremen Township,United States,cemetery,,,
Back Creek Presbyterian Church and Cemetery,35.650833,-80.706667,,North Carolina,United States,cemetery,,,
Bäckerbichl,47.966311111,11.203019444,,Andechs,Germany,cemetery,,,
Bad Honnef-Rhöndorf Forest Cemetery,50.6627,7.21845,,Bad Honnef,Germany,cemetery,,,
"Badhuis Diamantstraat, Amsterdam",52.35083,4.906237,,Amsterdam,Netherlands,landmark,,,
Baensch House,52.503298,13.185536,,Spandau,Germany,landmark,,,
Bagsværd Church,55.7618,12.4445,,Gladsaxe Municipality,Denmark,church,,,
Baikove Cemetery,50.416666666,30.505833333,,Holosiiv Raion,Ukraine,cemetery,,,
Bailly Cemetery,41.632777777,-87.090833333,,Indiana,United States,cemetery,,,
Bains-douches Castagnary,48.833958336,2.309211276,,Paris,France,landmark,,,
Baitul Mukarram National Mosque,23.72944444,90.41222222,,Dhaka,Bangladesh,temple,,,
Bajus Churchyard,50.421633,2.483001,,Bajus,France,cemetery,,,
Baker House,42.3566,-71.0958,,Cambridge,United States,landmark,,,
Bakersfield National Cemetery,35.2554,-118.668,,Kern County,United States,cemetery,,,
Bakkerstraat 24,51.97985,5.90856,,Arnhem,Netherlands,landmark,,,
Baku Puppet Theatre,40.3672,49.8392,,Baku,Azerbaijan,theater,,,
Balfron Tower,51.5136,-0.00880556,,London Borough of Tower Hamlets,United Kingdom,landmark,,,
Balham tube station,51.443418,-0.153179,,London Borough of Wandsworth,United Kingdom,landmark,,,
Ballou Hall,42.4075964,-71.1203308,,Medford,United States,landmark,,,
Ballybough Cemetery,53.3625,-6.24138889,,Ballybough,Ireland,cemetery,,,
Balmoral Castle,57.0407,-3.23016,,Aberdeenshire,United Kingdom,castle,,,
Balneari Vichy Catalán,41.8388,2.80452,,Caldes de Malavella,Spain,landmark,,,
Bamberg Cathedral,49.890703,10.882533,,Bamberg,Germany,church,,,
Banchory Ternan East Church,57.0529,-2.48484,,Banchory,United Kingdom,cemetery,,,
Banco de Londres y América del Sur,-34.60647222,-58.37202778,,Buenos Aires,Argentina,landmark,,,
Bancourt British Cemetery,50.102288,2.897486,,Bancourt,France,cemetery,,,
Baniškių pilkapynas,54.74861111,25.37583333,,Antakalnis Eldership,Lithuania,cemetery,,,
Bank Al Maghrib Building,34.019394,-6.836353,,Rabat,Morocco,landmark,,,
Bank Melli Iran (University of Tehran Branch),35.700694444,51.399638888,,District 11,Iran,university,,,
Bank of America Plaza,33.770833333,-84.386111111,,Atlanta,United States,landmark,,,
Bank of America Plaza,34.0536,-118.253,,California,United States,landmark,,,
Bank of America Tower,40.755278,-73.984167,,New York City,United States,landmark,,,
Bank of China Tower,22.279166666,114.161388888,,Hong Kong,People's Republic of China,landmark,,,
Bank of Shanghai Headquarters,31.24151944,121.49965556,,Shanghai,People's Republic of China,landmark,,,
Bank of Spain headquarters,40.418267,-3.694872,,Cortes,Spain,landmark,,,
Bankinter building,40.43085,-3.690008333,,Madrid,Spain,landmark,,,
Banqueting House,51.5046,-0.1259,,City of Westminster,United Kingdom,landmark,,,
Banski Dvor,44.7732,17.1924,,Banja Luka,Serbia,landmark,,,
Baptistery of Parma,44.803168,10.330429,,Parma,Italy,landmark,,,
Baptistry San Giovanni,43.72327,10.3942,,Pisa,Italy,landmark,,,
Baranovskoe Central Cemetery,43.644335,39.72749,,Khostinsky City District,Russia,cemetery,,,
Barbadoes Street Cemetery,-43.524265,172.6455,,Christchurch City,New Zealand,cemetery,,,
Barbican Centre,51.5202,-0.095,,London,United Kingdom,landmark,,,
Barbican Estate,51.519166666,-0.093888888,,London,United Kingdom,landmark,,,
Barcelona-Sagrera,41.421667,2.193611,,La Sagrera,Spain,landmark,,,
Barclay-Vesey Building,40.713753,-74.012917,,New York,United States,landmark,,,
Barclodiad y Gawres,53.207,-4.50352,,Aberffraw,United Kingdom,cemetery,,,
Bardwell–Ferrant House,44.956111,-93.266389,,Minneapolis,United States,landmark,,,
Bargello National Museum,43.770398,11.258008,,,,museum,,,
Bark Street School,41.749444,-71.163889,,Swansea,United States,university,,,
Barnes Cemetery,51.471012,-0.234479,,London Borough of Richmond upon Thames,United Kingdom,cemetery,,,
Barnweill Church,55.536721,-4.5289427,,South Ayrshire,United Kingdom,cemetery,,,
Barolo Palace,-34.609555555,-58.385861111,,Buenos Aires,Argentina,castle,,,
"Baron de Hirsch Cemetery, Halifax",44.659777777,-63.620111111,,Nova Scotia,Canada,cemetery,,,
"Baron de Hirsch Cemetery, Montreal",45.50185,-73.654711111,,Montreal,Canada,cemetery,,,
Bartlow Hills,52.0796,0.3137,,Bartlow,United Kingdom,cemetery,,,
Basilica and Convent of Santo Domingo,-12.044086111,-77.031927777,,Lima,Peru,church,,,
Basilica and Expiatory Church of the Holy Family,41.40369,2.17433,,Sagrada Família,Spain,church,,,
Basílica Catedral Nuestra Señora de la Altagracia,18.61611111,-68.71694444,,Higüey,Dominican Republic,church,,,
Basilica di Santa Maria Maggiore,41.8975,12.498611111,,Rome,Italy,church,,,
Basilica in Eger,47.8994,20.37326,,Eger,Hungary,church,,,
Basilica of Candelaria,28.35128,-16.369782,,Candelaria,Spain,church,,,
Basilica of Jesus de Medinaceli,40.4142772,-3.6958389,,Madrid,Spain,church,,,
Basilica of Notre-Dame de Fourvière,45.762291666,4.822555555,,Lyon,France,church,,,
Basilica of Our Lady of Licheń,52.323333333,18.358,,Licheń Stary,Poland,church,,,
Basilica of Our Lady of Peace of Yamoussoukro,6.811111111,-5.296944444,,,,church,,,
Basilica of Our Lady of the Pillar,41.656882,-0.878327,,Zaragoza,Spain,church,,,
Basilica of Saint Paul outside the Walls,41.858611111,12.477222222,,,,church,,,
Basilica of Saint-Denis,48.935555555,2.359722222,,Saint-Denis,France,church,,,
Basilica of Sainte-Anne-de-Beaupré,47.023851,-70.928975,,Sainte-Anne-de-Beaupré,Canada,church,,,
Basilica of San Clemente,41.889444444,12.4975,,Rome,Italy,church,,,
Basilica of San Francesco d'Assisi,43.07484,12.60581,,Assisi,Italy,church,,,
Basilica of San Lorenzo,43.774888888,11.253863888,,Florence,Italy,church,,,
Basilica of Sant'Andrea,45.159011,10.794469,,Mantua,Italy,church,,,
Basilica of Sant'Eustorgio,45.453926,9.181407,,Milan,Italy,church,,,
Basilica of Santa Croce,43.76845,11.26274,,Florence,Italy,church,,,
Basilica of Santa Maria Novella,43.7743,11.249367,,Florence,Italy,church,,,
Basilica of St. Castor,50.362206,7.604392,,Koblenz,Germany,church,,,
Basilica of St. John the Baptist,43.365,-5.85083333,,Oviedo City,Spain,church,,,
Basilica of St. Pius X,43.097222,-0.053611,,Lourdes,France,church,,,
Basilica of St. Vincent de Paul,40.436836111,-3.694902777,,Madrid,Spain,church,,,
"Basilica of St. Vitus, Mönchengladbach",51.192361111,6.431666666,,Mönchengladbach,Germany,church,,,
Basilica of Superga,45.08062,7.767366,,Turin,Italy,church,,,
Basilica Palladiana,45.546944444,11.546388888,,Vicenza,Italy,church,,,
Basilika of St. Ludmila,50.075277777,14.437222222,,Prague 2,Czech Republic,landmark,,,
Bataclan,48.863055555,2.370833333,,,,landmark,,,
Batalha Monastery,39.659166666,-8.826111111,,Batalha,Portugal,church,,,
Batavia Cemetery,42.9933,-78.1714,,Batavia,United States,cemetery,,,
Bath Abbey Cemetery,51.3701,-2.3481,,Bath and North East Somerset,United Kingdom,cemetery,,,
Bath National Cemetery,42.348727777,-77.351130555,,Bath,United States,cemetery,,,
Batignolles Cemetery,48.897777777,2.316666666,,Paris,France,cemetery,,,
Battle of Lipany memorial,50.0285764,14.9370278,,Vitice,Czech Republic,cemetery,,,
Battlefield in Tovačov,49.4437,17.2704,,Tovačov I-Město,Czech Republic,cemetery,,,
Baublių pilkapynas,55.832744,21.395731,,Kretinga Municipality,Lithuania,cemetery,,,
Bauhaus-Universität Weimar,50.9745,11.3291,,Weimar,Germany,university,,,
Baumgartner Friedhof,48.203055555,16.281944444,,Penzing,Austria,cemetery,,,
Bavelincourt Communal Cemetery,49.986962,2.460008,,Bavelincourt,France,cemetery,,,
Bavinchove churchyard,50.786825,2.452886,,Bavinchove,France,cemetery,,,
BayArena,51.038255555,7.002205555,,,,landmark,,,
Bayenghem-lès-Seninghem churchyard,50.70021,2.075005,,Bayenghem-lès-Seninghem,France,cemetery,,,
"Bayside Acacia Cemetery, Queens",40.6775,-73.855,,New York,United States,cemetery,,,
Bayterek,51.128333333,71.430555555,,Astana,Kazakhstan,landmark,,,
Bayview – New York Bay Cemetery,40.6954,-74.0874,,Jersey City,United States,cemetery,,,
Bazelon-McGovern House,38.930606805,-77.097860941,,"Washington, D.C.",United States,landmark,,,
Bazinghen Churchyard,50.825222,1.66142,,Bazinghen,France,cemetery,,,
Beaurains Road Cemetery,50.27065,2.78415,,Beaurains,France,cemetery,,,
Beck's Reformed Church Cemetery,35.758056,-80.225833,,Davidson County,United States,cemetery,,,
Beckenham Crematorium and Cemetery,51.4017,-0.0569444,,London Borough of Bromley,United Kingdom,cemetery,,,
Beech Grove Cemetery,40.188889,-85.405556,,Muncie,United States,cemetery,,,
Beechwood Cemetery,45.4469,-75.6599,,Ottawa,Canada,cemetery,,,
Beechwood Cemetery,35.959,-78.913,,Durham,United States,cemetery,,,
Beekman Meeting House and Friends' Cemetery,41.633611,-73.766389,,New York,United States,cemetery,,,
Beetham Tower,53.475278,-2.250278,,Manchester,United Kingdom,landmark,,,
Begraafplaats Buitenveldert,52.34027778,4.86138889,,Amsterdam,Netherlands,cemetery,,,
Begraafplaats Daelwijck,52.12882,5.09651,,Utrecht,Netherlands,cemetery,,,
Begraafplaats Groenesteeg,52.15745,4.50299,,Leiden,Netherlands,cemetery,,,
Begraafplaats Oostergaarde,52.349392,5.638411,,Harderwijk,Netherlands,cemetery,,,
Begraafplaats Rijnhof,52.09939,4.89977,,Woerden,Netherlands,cemetery,,,
Begraafplaats Sint Barbara,52.093333,5.143333,,Utrecht,Netherlands,cemetery,,,
Begraafplaats Sint Barbara Amsterdam,52.39055556,4.86361111,,Amsterdam,Netherlands,cemetery,,,
Begraafplaats Stuiverstraat,51.20889,2.91417,,Ostend,Belgium,cemetery,,,
Behesht-e Zahra,35.536269444,51.370183333,,Tehran,Iran,cemetery,,,
Beijing Daxing International Airport,39.511944,116.410556,,Jiuzhou,People's Republic of China,landmark,,,
Beijing National Stadium,39.991544,116.390478,,Aoyuncun Subdistrict,People's Republic of China,stadium,,,
Beijing Television Cultural Center,39.91555556,116.45777778,,Chaoyang District,People's Republic of China,landmark,,,
Beinecke Rare Book & Manuscript Library,41.31161,-72.92722,,New Haven,United States,library,,,
Belém Tower,38.691388888,-9.215833333,,,,landmark,,,
Belfast Castle,54.6427,-5.94232,,Low Wood,United Kingdom,castle,,,
Belfast City Cemetery,54.589722222,-5.979166666,,Belfast,United Kingdom,cemetery,,,
Belga Queen,50.850336111,4.354713888,,City of Brussels,Belgium,landmark,,,
Belgian Military Cemetery Keiem,51.08639,2.88528,,Diksmuide,Belgium,cemetery,,,
Belgrade New Cemetery,44.80944444,20.48722222,,Belgrade,Serbia,cemetery,,,
Bell's Hill Burial Ground,51.649,-0.215,,London Borough of Barnet,United Kingdom,cemetery,,,
Bellacourt Military Cemetery,50.231594,2.674363,,Rivière,France,cemetery,,,
Bellefontaine Cemetery,38.6974,-90.2336,,St. Louis,United States,cemetery,,,
Belleville Cemetery,44.1409,-77.4189,,Belleville,Canada,cemetery,,,
Bellevue Cemetery,42.710556,-71.186111,,Lawrence,United States,cemetery,,,
Bellevue Palace,52.5175,13.353333333,,Bezirk Mitte,Germany,castle,,,
BellTel Lofts,40.6925,-73.985,,New York,United States,landmark,,,
Bellu Cemetery,44.403888888,26.1,,Bucharest,Romania,cemetery,,,
Belvedere,48.1934,16.380519444,,Landstraße,Austria,landmark,,,
Belvedere on the Pfingstberg,52.4187,13.059,,Nördliche Vorstädte,Germany,landmark,,,
Belview,50.840879859,4.379193016,,City of Brussels,Belgium,landmark,,,
Belvoir Castle,52.8945,-0.78256,,Belvoir,United Kingdom,castle,,,
Belweder,52.213055555,21.027777777,,Śródmieście,Poland,landmark,,,
Bemis Hall,42.4277,-71.3024,,Lincoln,United States,landmark,,,
Ben Rose House,42.173611111,-87.785277777,,Illinois,United States,landmark,,,
Beneckeallee 32,52.41998,9.70781,,Nord,Germany,landmark,,,
Benesse House,34.445,133.990889,,Naoshima,Japan,landmark,,,
Beni Hasan,27.931388888,30.875280555,,Minya Governorate,Egypt,cemetery,,,
Beni Israel Cemetery,38.927792,-95.112114,,Eudora Township,United States,cemetery,,,
Benjamin Church House,41.685833,-71.278611,,Bristol,United States,church,,,
Benjamin Walworth Arnold House and Carriage House,42.658333,-73.768333,,New York,United States,landmark,,,
Benjaminville Friends Meeting House and Burial Ground,40.4765,-88.806111,,Illinois,United States,cemetery,,,
Bennington Street Burying Ground,42.381111,-71.020833,,Boston,United States,cemetery,,,
Benrath Palace,51.161029833,6.870569833,,Benrath,Germany,castle,,,
Beppu B-con Plaza,33.28319444,131.48727778,,Beppu,Japan,landmark,,,
Berango,43.366944,-2.999444,,Berango,Spain,landmark,,,
Bercy 2,48.826334,2.393153,,Charenton-le-Pont,France,landmark,,,
Berg cemetery,48.505,9.0707,,Tübingen,Germany,cemetery,,,
Bergamo Cathedral,45.70331,9.6629,,Bergamo,Italy,church,,,
Bergen Crest Mausoleum,40.778,-74.029,,New Jersey,United States,cemetery,,,
Bergen station,60.3903,5.3334,,Bergen Municipality,Norway,landmark,,,
Bergfriedhof,49.3972,8.69028,,Heidelberg,Germany,cemetery,,,
Bergkirche,47.5302,16.4796,,Stoob,Austria,cemetery,,,
Berkeley Art Museum and Pacific Film Archive,37.870804,-122.26634,,Berkeley,United States,museum,,,
Berkovets cemetery,50.494444444,30.395,,Podil Raion,Ukraine,cemetery,,,
Berles Position Military Cemetery,50.190746,2.643883,,Berles-au-Bois,France,cemetery,,,
Berlin Brandenburg Airport,52.362247222,13.500672222,,,,landmark,,,
Berlin Cathedral,52.519166666,13.401111111,,Bezirk Mitte,Germany,church,,,
Berlin Central Station,52.525083333,13.369388888,,,,landmark,,,
Berlin Humboldthain station,52.5451,13.3796,,Bezirk Mitte,Germany,landmark,,,
Berlin Mosque,52.4875,13.311667,,Charlottenburg-Wilmersdorf,Germany,temple,,,
Berlin Nordbahnhof,52.532457,13.387676,,Bezirk Mitte,Germany,landmark,,,
Berlin Oranienburger Straße station,52.525,13.3929,,Bezirk Mitte,Germany,landmark,,,
Berlin Palace,52.5175,13.402777777,,Bezirk Mitte,Germany,castle,,,
Berlin-Tegel Airport,52.559722,13.287778,,,,landmark,,,
Berlin-Tegel Russian Orthodox Cemetery,52.577666666,13.300666666,,Reinickendorf,Germany,cemetery,,,
Berlin-Tempelhof Airport,52.473611111,13.401666666,,,,landmark,,,
Bernardin-Johnson House,37.96888889,-87.52333333,,Evansville,United States,landmark,,,
Bernardine Cemetery,54.68,25.307,,Vilnius,Lithuania,cemetery,,,